id,SMILES_aditive,SMILES_H_additive
target_i,c1ccncc1,[H][n+]1ccccc1
target_ii,c1ccnnc1,[H][n+]1ncccc1
target_iii,c1cncnc1,[H][n+]1cccnc1
target_iv,c1cnccn1,[H][n+]1ccncc1
target_v,c1ncncn1,[H][n+]1cncnc1
target_vi,Nc1ccccc1,[NH3+]c1ccccc1
target_vii,Nc1ccccc1N,Nc1c([NH3+])cccc1
target_viii,Nc1cccc(N)c1,[NH3+]c1cc(N)ccc1
target_ix,Nc1ccc(N)cc1,[NH3+]c1ccc(N)cc1
target_x,Nc1cccc(N)n1,Nc1[n+]([H])c(N)ccc1
target_xi,Oc1ccccc1,[OH2+]c1ccccc1
target_xii,Oc1ccccc1O,Oc1c([OH2+])cccc1
target_xiii,Oc1cccc(O)c1,[OH2+]c1cc(O)ccc1
target_xiv,Oc1ccc(O)cc1,[OH2+]c1ccc(O)cc1
target_xv,O=C1C=CC(=O)C=C1,O=C(C=C1)C=CC1=[O+][H]
target_xvi,c1ccc(-c2ccccn2)nc1,[H][n+]1c(c2ncccc2)cccc1
target_xvii,c1ccc(-c2cccnc2)nc1,[H][n+]1cc(c2ncccc2)ccc1
target_xviii,c1ccc(-c2ccncc2)nc1,[H][n+]1ccc(c2ncccc2)cc1
target_xix,c1cc(-c2ccncc2)ccn1,[H][n+]1ccc(c2ccncc2)cc1