id,delta_E(el),delta_E(ZPE),pKa,HOMO,LUMO,LUMO-HOMO,MBIS Charge,MBIS Population,Dipole Moment,H_HOMO,H_LUMO,H_LUMO-HOMO,H_MBIS Charge,H_MBIS Population,H_Dipole Moment,MaxAbsPartialCharge,MaxPartialCharge,MinPartialCharge,BCUT2D_CHGHI,BCUT2D_CHGLO,NumAromaticRings,RingCount,NumAromaticHeterocycles,NumHeteroatoms,NumHAcceptors,NumHDonors,LabuteASA,TPSA,NumRotatableBonds,PEOE_VSA1,PEOE_VSA10,PEOE_VSA11,PEOE_VSA2,PEOE_VSA3,PEOE_VSA4,PEOE_VSA6,PEOE_VSA7,PEOE_VSA8,PEOE_VSA9,H_MaxAbsPartialCharge,H_MaxPartialCharge,H_MinPartialCharge,H_BCUT2D_CHGHI,H_NumHDonors,H_PEOE_VSA10,H_PEOE_VSA11,H_PEOE_VSA2,H_PEOE_VSA3,H_PEOE_VSA6,H_PEOE_VSA7,H_PEOE_VSA8,H_PEOE_VSA9,H_PEOE_VSA12,H_PEOE_VSA13,H_PEOE_VSA14,H_PEOE_VSA5
target_i,25.82538458,-0.622363896,18.47979775,-7.1933,-0.9262,6.267,-0.529124,5.873987,1.238399421,-8.8432,-2.8455,4.652,-0.275627,5.665171,3.645886556,0.264736971,0.026728768,-0.264736971,1.580294439,-1.696567022,1,1,1,1,1,0,36.6510511,12.89,0,0,0,0,4.983978521,0,0,6.066367068,12.13273414,12.39368714,0,0.217817032,0.166457135,-0.217817032,1.65374056,0,0,12.39368714,0,4.983978521,6.066367068,0,12.13273414,0,0,0,0,0
target_ii,21.68826482,-0.7021078,15.37830037,-6.7383,-1.5675,5.17,-0.2892935,5.633829,2.303749907,-9.7261,-3.5174,4.58,-0.272415,5.664044,3.307627396,0.159175832,0.049568626,-0.159175832,1.590627572,-1.687150675,1,1,1,2,2,0,35.83915265,25.78,0,0,0,0,0,0,10.19736362,0,12.13273414,12.39368714,0,0.193161091,0.193161091,-0.10657191,1.664365468,0,0,6.196843572,0,0,0,11.16504888,6.066367068,6.196843572,0,0,0,5.098681808
target_iii,18.82401038,-0.327057938,13.57268822,-7.1382,-1.3429,5.795,-0.596777,5.9452105,1.285323928,-9.1259,-3.2751,4.505,-0.282226,5.671611,1.715709134,0.24483191,0.114757412,-0.24483191,1.586348634,-1.696387745,1,1,1,2,2,0,35.87069908,25.78,0,0,6.327320075,0,0,9.967957042,0,0,6.066367068,12.39368714,0,0.28333776,0.28333776,-0.250415585,1.685239292,0,6.196843572,0,4.983978521,0,4.983978521,0,6.066367068,6.196843572,0,6.327320075,0,0
target_iv,17.08095221,-0.428068138,12.81399,-6.9715,-1.6257,5.346,-0.431971,5.7832365,1.65E-06,-8.8934,-3.6195,4.256,-0.28407,5.674274,1.692506087,0.261519559,0.045107531,-0.261519559,1.587044057,-1.69797352,1,1,1,2,2,0,35.87069908,25.78,0,0,0,0,9.967957042,0,0,0,0,24.78737429,0,0.252271462,0.184990839,-0.252271462,1.663182575,0,0,12.39368714,4.983978521,4.983978521,0,0,0,12.39368714,0,0,0,0
target_v,11.09453693,-0.001549948,8.159660281,-7.6754,-1.62,6.056,-0.64939,6.002541333,0.000272377,-9.1518,-3.7135,6.208,-0.046027,5.437822,1.228657632,0.224903631,0.118515658,-0.224903631,1.591796535,-1.694184509,1,1,1,3,3,0,35.09034706,38.67,0,0,18.98196022,0,0,14.95193556,0,0,0,0,0,0.263237034,0.263237034,-0.253506607,1.699348522,0,0,0,4.983978521,0,9.967957042,0,0,0,12.65464015,6.327320075,0,0
target_vi,17.82674722,-1.296892655,12.26069493,-5.6433,-0.2585,5.385,-0.919837,6.269496,0.877030101,-7.895,-1.3385,5.543,-0.339411,5.725346,0.286183754,0.398728829,0.031347593,-0.398728829,1.71774855,-1.832534423,1,1,0,1,1,1,42.77129382,26.02,0,5.733667477,0,0,0,0,0,18.19910121,12.13273414,5.687386275,0,0.325222607,0.127409819,-0.325222607,1.766723718,1,5.687386275,0,0,0,18.19910121,12.13273414,0,0,0,0,0,0
target_vii,16.13207003,-0.4835337,11.38222574,-5.284,-0.0367,5.247,-0.9001295,6.246803,0.84769572,-7.7354,-1.3507,5.998,-0.276492,5.666256,1.014734814,0.397062581,0.054727625,-0.397062581,1.847544712,-1.935156938,1,1,0,2,2,2,48.11118451,52.04,0,11.46733495,0,0,0,0,0,12.13273414,12.13273414,0,11.37477255,0.393915463,0.150635611,-0.393915463,1.894220523,2,0,5.687386275,0,0,12.13273414,6.066367068,6.066367068,5.687386275,0,0,0,0
target_viii,19.01375042,-0.648625168,13.5174921,-5.3462,-0.0012,5.345,-0.9275255,6.2765985,0.691869472,-6.2362,-1.1905,5.85,-0.366883,5.75712,1.974704677,0.398667249,0.03341425,-0.398667249,1.811469978,-1.909271285,1,1,0,2,2,2,48.11118451,52.04,0,11.46733495,0,0,0,0,0,6.066367068,18.19910121,11.37477255,0,0.398545056,0.129488418,-0.398545056,1.849269404,2,5.687386275,0,0,0,6.066367068,12.13273414,11.75375334,0,0,0,0,0
target_ix,22.29255017,-0.697545806,15.84487314,-4.9439,-0.2569,4.686,-0.9299865,6.275438,4.95E-05,-6.2005,-1.1076,5.274,-0.207966,5.602102,2.362804617,0.398726787,0.031499428,-0.398726787,1.801405237,-1.902197382,1,1,0,2,2,2,48.11118451,52.04,0,11.46733495,0,0,0,0,0,0,24.26546827,11.37477255,0,0.398722648,0.127563154,-0.398722648,1.836821158,2,5.687386275,0,0,0,0,12.13273414,17.82012041,0,0,0,0,0
target_x,28.79064295,0.599020544,21.77788529,-5.4263,-0.3334,5.092,-0.778492,6.126293,0.217205735,-6.4902,-1.8333,5.046,-0.643594,6.036185,3.611515554,0.383627678,0.125254193,-0.383627678,1.826519662,-1.89914269,1,1,1,3,3,2,47.33083249,64.93,0,11.46733495,11.63572556,0,0,4.983978521,0,6.066367068,12.13273414,0,0,0.318719091,0.216298729,-0.318719091,1.876687456,2,0,0,0,4.983978521,0,6.066367068,12.13273414,0,11.63572556,0,0,0
target_xi,-23.00173,1.405627497,-15.84518592,-6.2514,-0.4043,5.848,-0.618271,6.986894,0.650307824,-8.1757,-1.6147,3.339,-0.471917,6.864374,2.546005403,0.507966995,0.115074819,-0.507966995,1.7432187,-1.819353576,1,1,0,1,1,1,42.22563687,20.23,0,5.106527395,5.749511833,0,0,0,0,18.19910121,12.13273414,0,0,0.593322446,0.253257832,-0.593322446,1.80359169,0,0,0,0,0,18.19910121,0,12.13273414,0,0,5.749511833,0,0
target_xii,-22.86424895,1.289870824,-15.51840191,-5.9765,-0.2814,5.695,-0.61066,6.9791865,1.189479255,-7.581,-1.7254,5.086,-0.49962,5.888308,1.972142486,0.504260125,0.156883181,-0.504260125,1.897896479,-1.906362789,1,1,0,2,2,2,47.01987062,40.46,0,10.21305479,0,11.49902367,0,0,0,12.13273414,12.13273414,0,0,0.590704624,0.296065731,-0.590704624,1.957885616,1,0,0,0,0,12.13273414,6.066367068,6.066367068,0,5.749511833,5.749511833,0,0
target_xiii,-23.17890102,1.331437052,-16.04631137,-6.0709,-0.2749,5.797,-0.620876,6.9903115,0.651829138,-7.3747,-1.6225,4.563,-0.28261,5.672286,5.755156177,0.50782333,0.118763674,-0.50782333,1.850588452,-1.886818484,1,1,0,2,2,2,47.01987062,40.46,0,10.21305479,11.49902367,0,0,0,0,6.066367068,12.13273414,6.066367068,0,0.5932261,0.257036305,-0.5932261,1.897653574,1,5.749511833,0,0,0,0,12.13273414,6.066367068,6.066367068,0,5.749511833,0,0
target_xiv,-20.537676,1.024202138,-14.03382417,-5.7031,-0.4917,5.213,-0.618813,6.986268,0.000153397,-7.4421,-1.622,5.856,-0.515831,6.914446,2.075074474,0.507962237,0.115345951,-0.507962237,1.837352494,-1.88145823,1,1,0,2,2,2,47.01987062,40.46,0,10.21305479,11.49902367,0,0,0,0,0,24.26546827,0,0,0.593319269,0.253534746,-0.593319269,1.881059557,1,5.749511833,0,0,0,0,12.13273414,12.13273414,0,0,5.749511833,0,0
target_xv,-7.126361542,0.451555817,-4.586783471,-7.39,-3.4786,3.911,-0.516923,6.879888,6.51E-06,-8.9063,-5.567,5.82,-0.550489,6.945313,3.686501228,0.289960574,0.17841303,-0.289960574,1.973966641,-1.870287105,0,1,0,2,2,0,46.50196858,34.14,0,0,0,11.56648989,9.589074368,0,0,0,24.30408043,0,0,0.339815822,0.339815822,-0.289952794,2.03065766,0,0,5.783244946,9.589074368,0,0,12.15204021,12.15204021,0,0,0,5.783244946,0
target_xvi,27.72545189,-0.593190981,21.14564598,-6.5756,-1.6247,4.768,-0.503411,5.854092,0.002218033,-7.6712,-3.0909,5.437,-0.446336,5.838152,2.292401518,0.25462112,0.08855998,-0.25462112,1.948506326,-1.957598908,2,2,2,2,2,0,70.92779329,25.78,1,0,0,0,9.967957042,0,0,12.13273414,24.26546827,12.39368714,11.38785599,0.249889733,0.228894976,-0.249889733,2.014032489,0,5.693927995,6.196843572,0,9.967957042,6.066367068,18.19910121,18.32957771,0,5.693927995,0,0,0
target_xvii,23.8873404,-0.835786144,19.73042675,-6.634,-1.5079,4.951,-0.4975465,5.8522455,1.314494842,-7.52,-2.8677,6.557,-0.640155,6.033412,3.716221712,0.26402875,0.071692491,-0.26402875,1.939419727,-1.96222658,2,2,2,2,2,0,70.92779329,25.78,1,0,0,0,9.967957042,0,0,6.066367068,24.26546827,24.15398221,5.693927995,0.256030043,0.175967436,-0.256030043,1.973231133,0,0,12.39368714,4.983978521,4.983978521,6.066367068,18.19910121,12.26321064,11.25737949,0,0,0,0
target_xviii,24.93854427,-0.645412319,16.77772891,-6.8832,-1.718,5.695,-0.61066,6.9791865,2.236660111,-7.6874,-3.1815,6.384,-0.606008,5.999956,2.782654384,0.264689991,0.070255274,-0.264689991,1.935556128,-1.964726158,2,2,2,2,2,0,70.92779329,25.78,1,0,0,0,9.967957042,0,0,6.066367068,24.26546827,24.15398221,5.693927995,0.256259189,0.167140845,-0.256259189,1.957872149,0,0,12.39368714,4.983978521,4.983978521,6.066367068,12.13273414,23.8930292,5.693927995,0,0,0,0
target_xix,24.84411664,-0.459669515,17.89101618,-7.2567,-1.7883,5.213,-0.618813,6.986268,0.000925597,-7.7653,-3.2016,5.002,-0.417147,5.805727,1.478331479,0.264691916,0.027347468,-0.264691916,1.923271729,-1.972237903,2,2,2,2,2,0,70.92779329,25.78,1,0,0,0,9.967957042,0,0,0,35.39237126,24.78737429,0,0.264691916,0.167083431,-0.264691916,1.94570462,0,0,12.39368714,4.983978521,4.983978521,0,23.25963712,24.52642128,0,0,0,0,0