id,delta_E(el),delta_E(ZPE),pKa,HOMO,LUMO,LUMO-HOMO,MBIS Charge,MBIS Population,Dipole Moment,H_HOMO,H_LUMO,H_LUMO-HOMO,H_MBIS Charge,H_MBIS Population,H_Dipole Moment
target_i,25.82538458,-0.622363896,18.47979775,-7.1933,-0.9262,6.267,-0.529124,5.873987,1.238399421,-8.8432,-2.8455,4.652,-0.275627,5.665171,3.645886556
target_ii,21.68826482,-0.7021078,15.37830037,-6.7383,-1.5675,5.17,-0.2892935,5.633829,2.303749907,-9.7261,-3.5174,4.58,-0.272415,5.664044,3.307627396
target_iii,18.82401038,-0.327057938,13.57268822,-7.1382,-1.3429,5.795,-0.596777,5.9452105,1.285323928,-9.1259,-3.2751,4.505,-0.282226,5.671611,1.715709134
target_iv,17.08095221,-0.428068138,12.81399,-6.9715,-1.6257,5.346,-0.431971,5.7832365,1.65E-06,-8.8934,-3.6195,4.256,-0.28407,5.674274,1.692506087
target_v,11.09453693,-0.001549948,8.159660281,-7.6754,-1.62,6.056,-0.64939,6.002541333,0.000272377,-9.1518,-3.7135,6.208,-0.046027,5.437822,1.228657632
target_vi,17.82674722,-1.296892655,12.26069493,-5.6433,-0.2585,5.385,-0.919837,6.269496,0.877030101,-7.895,-1.3385,5.543,-0.339411,5.725346,0.286183754
target_vii,16.13207003,-0.4835337,11.38222574,-5.284,-0.0367,5.247,-0.9001295,6.246803,0.84769572,-7.7354,-1.3507,5.998,-0.276492,5.666256,1.014734814
target_viii,19.01375042,-0.648625168,13.5174921,-5.3462,-0.0012,5.345,-0.9275255,6.2765985,0.691869472,-6.2362,-1.1905,5.85,-0.366883,5.75712,1.974704677
target_ix,22.29255017,-0.697545806,15.84487314,-4.9439,-0.2569,4.686,-0.9299865,6.275438,4.95E-05,-6.2005,-1.1076,5.274,-0.207966,5.602102,2.362804617
target_x,28.79064295,0.599020544,21.77788529,-5.4263,-0.3334,5.092,-0.778492,6.126293,0.217205735,-6.4902,-1.8333,5.046,-0.643594,6.036185,3.611515554
target_xi,-23.00173,1.405627497,-15.84518592,-6.2514,-0.4043,5.848,-0.618271,6.986894,0.650307824,-8.1757,-1.6147,3.339,-0.471917,6.864374,2.546005403
target_xii,-22.86424895,1.289870824,-15.51840191,-5.9765,-0.2814,5.695,-0.61066,6.9791865,1.189479255,-7.581,-1.7254,5.086,-0.49962,5.888308,1.972142486
target_xiii,-23.17890102,1.331437052,-16.04631137,-6.0709,-0.2749,5.797,-0.620876,6.9903115,0.651829138,-7.3747,-1.6225,4.563,-0.28261,5.672286,5.755156177
target_xiv,-20.537676,1.024202138,-14.03382417,-5.7031,-0.4917,5.213,-0.618813,6.986268,0.000153397,-7.4421,-1.622,5.856,-0.515831,6.914446,2.075074474
target_xv,-7.126361542,0.451555817,-4.586783471,-7.39,-3.4786,3.911,-0.516923,6.879888,6.51E-06,-8.9063,-5.567,5.82,-0.550489,6.945313,3.686501228
target_xvi,27.72545189,-0.593190981,21.14564598,-6.5756,-1.6247,4.768,-0.503411,5.854092,0.002218033,-7.6712,-3.0909,5.437,-0.446336,5.838152,2.292401518
target_xvii,23.8873404,-0.835786144,19.73042675,-6.634,-1.5079,4.951,-0.4975465,5.8522455,1.314494842,-7.52,-2.8677,6.557,-0.640155,6.033412,3.716221712
target_xviii,24.93854427,-0.645412319,16.77772891,-6.8832,-1.718,5.695,-0.61066,6.9791865,2.236660111,-7.6874,-3.1815,6.384,-0.606008,5.999956,2.782654384
target_xix,24.84411664,-0.459669515,17.89101618,-7.2567,-1.7883,5.213,-0.618813,6.986268,0.000925597,-7.7653,-3.2016,5.002,-0.417147,5.805727,1.478331479